{"duration": 1.250915765762329, "input_args": {"file": "'new_data.csv'"}, "time": 1698913410.1768286}